,0,1,2,3,4,5,6,7,8,9,10,11,12,13,14,15,16,17,18,19,20,21,22,23,24,25,26,27,28,29,30,31,32,33,34,35,36,37,38,39,40,41,42,43,44,45,46,47,48,49,50,51,52,53,54,55,56,57,58,59
MCF7,1.0,0.016976665727539197,0.006904096553718844,0.12548623815197155,0.35906849640134675,0.4090428966844557,0.42173296846630365,0.39276376930954976,0.2692313507824277,0.2361644681876103,0.4260879083658739,0.093942051825726,0.15218876848223628,0.4776898426433448,0.07410893986294505,0.20966630909477652,0.09718355208528794,0.32257986393038907,0.2568628106881674,0.30339255358618067,0.29198563234930125,0.2214232633432608,0.237401579779221,0.20927042403026638,0.4998322006805715,0.15127168547787298,0.3948646122161308,0.022354941282843672,0.04152666742818564,0.405609193217208,0.08457703911801207,0.4448172923605892,0.1648441868554237,0.22948477389162455,0.4323019469557875,0.021374100745076858,0.4696202630020566,0.10472529959973773,0.23367007565076023,0.48016841794481907,0.06204537362278146,0.3924074381087648,0.3637199977900141,0.1269752967408488,0.08797559716467174,0.035177914687541514,0.060483693788648735,0.34557745274020363,0.17472327468957904,0.034012015002578604,0.15252070887080804,0.5393395835906014,0.38798007361080494,0.18698539232078457,0.48684697901485374,0.301696444464162,0.19368503379281707,0.4731615919876157,0.01401090337417491,0.2337663701847273
MDA_MB_231,0.016976665727539197,1.0,0.4350655112645354,0.2721948609338739,0.08052221654334807,0.04224646148903168,0.03337981548601089,0.028666942417222147,0.05853825568716893,0.09020630280402148,0.04299499416375642,0.3507703568409329,0.26986317570164986,0.06949994686756776,0.3069904746920332,0.21647576871965374,0.3791455992997147,0.1109860186326537,0.0037533385399589345,0.015414207221468305,0.13764156676958209,0.0025803505149668148,0.1338125883280492,0.0018268858306829845,0.027744907187919235,0.23971340973494668,0.07725513482144107,0.47158163562804717,0.4186234051799994,0.10082980863981886,0.3347594971035588,0.024309963249469328,0.2877292938404602,0.2930471078395103,0.05484826738000241,0.4853487000630663,0.03341674101767906,0.12643786471968704,0.1108441499675222,0.05805110508144673,0.35744716096377405,0.003187758569211425,0.09349749550049327,0.27559821675322294,0.44655513436310307,0.5202618744155288,0.4116401087977448,0.10165007640150132,0.20933641630921504,0.059577061868979625,0.3534638894987859,0.04645607491086766,0.03303474748704781,0.19611758502420712,0.018456810359572494,0.024355321454143476,0.20864436100205117,0.04205600718015073,0.4508645399984503,0.09163922159359951
HS578T,0.006904096553718844,0.4350655112645354,1.0,0.18143398892244014,0.038879342161903405,0.020692810455046586,0.01691085779739318,0.015665509781666385,0.03907456489601766,0.05565358685089252,0.025454675847849086,0.20283348460749276,0.1382674544999807,0.03250249496833059,0.12413230087655579,0.10578887534755901,0.23593066917504357,0.05382753576237163,0.0013240746587799574,0.005702090169324031,0.0600121419604291,0.0012171854720787233,0.06349203699749564,0.0007897344890312994,0.011157065867154915,0.1702962396005761,0.028877935897598697,0.34691446946483506,0.29815945169790503,0.05600266656986501,0.17248288251767205,0.009666813179234394,0.11677873297649279,0.13428086985109736,0.032213216021165954,0.277678132361428,0.017004558352570778,0.06964083664371011,0.07313313140916865,0.02690345101819064,0.2191312760125274,0.0018608371936021538,0.045401316895983736,0.17251511141688536,0.23691858964565174,0.30987582664822283,0.2077456540297305,0.04451221944172344,0.08399056628022412,0.017912048737903738,0.1709992080580107,0.017181290984763644,0.015786209022500265,0.11765961777513805,0.007654379404507879,0.009832932932684692,0.1054817611445838,0.019614372123498248,0.29255504657894343,0.03366388120857381
BT_549,0.12548623815197155,0.2721948609338739,0.18143398892244014,1.0,0.36104778157545825,0.2613083973126525,0.196175862798015,0.20021593461769324,0.3120702942894601,0.41061468795034145,0.2638896819460065,0.3533037194773371,0.4109849580892565,0.26725774888359777,0.261683722470255,0.37242109436333526,0.42233364937715084,0.31974991544275183,0.040756882659313085,0.10634578383734532,0.32830594635334254,0.029221655840600602,0.2840833878348184,0.021369519226295704,0.16366725959017828,0.4313000334907533,0.3387973256505884,0.305220187648758,0.3697534549038781,0.4177445375532015,0.47054375596901526,0.16817903530369918,0.43834527022458586,0.5024660365114699,0.23234068495877921,0.2718899265075892,0.21262085356798502,0.27059728817411927,0.4049628752370149,0.32426399129970973,0.41767512782474725,0.03738351339525427,0.3213427150137159,0.3623323726412239,0.45800434339131535,0.36028681925791506,0.4197564312882881,0.33044436717346415,0.4336684938175923,0.11006975221069118,0.45558713665044115,0.24398538429608693,0.20527958301516291,0.43643356894460394,0.12518001915524626,0.13963113080641912,0.4953369448796599,0.26321427707584233,0.17857400653065397,0.27705296920375216
T47D,0.35906849640134675,0.08052221654334807,0.038879342161903405,0.36104778157545825,1.0,0.4341074304465635,0.33439269457027104,0.3527744272328773,0.40969872531412893,0.4580683264766337,0.42523487467919174,0.21083647544907258,0.2513579904296824,0.364629211630794,0.15932465547912208,0.3418426024971299,0.24954940033929854,0.41344369777824114,0.11323998026974805,0.19428993783610016,0.37548086857030877,0.09462849344720584,0.36819692448957403,0.0817108862091864,0.3190330104156432,0.3379938726080312,0.42617774351204674,0.10437614262790754,0.15571096100004989,0.5325381209601695,0.2529680949781357,0.3160722434364804,0.3015239295916743,0.39082139824135287,0.35690396129105956,0.09888331193471425,0.39693666250969345,0.2015697782648384,0.4992216097405214,0.4827208712852463,0.21501062672508278,0.11620636899550986,0.4921872237329468,0.278259502045343,0.2551441677214998,0.14741154148233251,0.20935741277784664,0.383162502674608,0.41796855266061844,0.07883922811204416,0.33999859003559546,0.4871906036531162,0.31965842946075607,0.3598872823075161,0.286677409221558,0.25585465485734865,0.47018599551874923,0.45419005813345875,0.059110841774114076,0.3597688072590846
SF_268,0.4090428966844557,0.04224646148903168,0.020692810455046586,0.2613083973126525,0.4341074304465635,1.0,0.5936232798659314,0.600188706873502,0.5327188510417533,0.5146630143950673,0.7400463549526847,0.14319015701023852,0.20425847063353864,0.4620298628991483,0.11714611321991233,0.27690016054406685,0.1939179382876679,0.4289314988261818,0.21432626252893747,0.2905481721802684,0.3926509559360912,0.19097685039840814,0.24664797860956478,0.17701978602195695,0.5314341733890066,0.23223026099770538,0.5158438817476522,0.05315786287302303,0.09438808568742253,0.5861522809731968,0.18674918810736937,0.6156549416612523,0.2754389600894244,0.3519000845824206,0.46190467887356407,0.047413840815972004,0.5850356385220662,0.16053283368204005,0.398663792825244,0.6337541785923315,0.13356936018097537,0.2503855031115863,0.4577616532316704,0.21291914452333482,0.1690134780382571,0.08162280564859573,0.13282959586599302,0.48902346653693424,0.2842175715207794,0.08404481817136843,0.2726424390775303,0.5660857097169782,0.5531493027483249,0.28909830553474986,0.471249903830187,0.3140594497938693,0.3581628339982132,0.656817470189184,0.025587798822562173,0.3380442681911272
SF_295,0.42173296846630365,0.03337981548601089,0.01691085779739318,0.196175862798015,0.33439269457027104,0.5936232798659314,1.0,0.5294684879263748,0.35350189165669704,0.4265957004808595,0.6530264484422694,0.12429701070235226,0.15869669069245249,0.41190930512614055,0.09873089009648559,0.25981367440311137,0.14955325371744324,0.35891540405327643,0.18855286280515918,0.26313745561834584,0.313803646858869,0.18604391797748848,0.24313201507091117,0.231228756782718,0.5600112758119467,0.20086478774366623,0.44212027071511406,0.038443863372846165,0.06082283408809007,0.5009780616964777,0.12514708453229234,0.555135880588267,0.2041436014754247,0.2960104747892355,0.4569886030531134,0.0410921604665629,0.5481997957535488,0.15852408756432199,0.3161358935846129,0.5391060883049721,0.10012650814066253,0.34880744185682006,0.3896794759946515,0.19180044219022024,0.13061593244459158,0.06630230998554167,0.09876845311351878,0.37594975761895993,0.24367628595371488,0.05561470379320985,0.21571388684250759,0.5176911317003104,0.48472890569655114,0.28024180293125156,0.4943038971426101,0.34747354247707807,0.30072290228629456,0.5442904059958151,0.023789317410255213,0.2870466367802106
SF_539,0.39276376930954976,0.028666942417222147,0.015665509781666385,0.20021593461769324,0.3527744272328773,0.600188706873502,0.5294684879263748,1.0,0.34085264326608833,0.4263417156389205,0.5361213382230926,0.10465613870937865,0.1596681379062047,0.37185751826545493,0.08421570282670632,0.21523226347836813,0.13042559836308626,0.30204252524050323,0.19748425519724014,0.27074023924523616,0.2856609688253461,0.17925933465882016,0.23046686355813206,0.18029930949336093,0.49263497979776477,0.17086975973534785,0.38299224205533555,0.03211191880733595,0.061093304990629115,0.4964349872810292,0.11640927234777039,0.5700731573200011,0.1922480092675873,0.26040061491082817,0.39418204998269407,0.029194242317487296,0.5072410405082431,0.11724366398467087,0.3018721802721387,0.4922662690849049,0.08070911024157892,0.28018257676927455,0.4347911217790141,0.16225310699226592,0.1200262185468042,0.04949770726775627,0.08327375244735602,0.3288368878611273,0.20982876588277719,0.05157949264620851,0.18579557674075342,0.4483407168570907,0.5122932350368236,0.24821001789824848,0.48709590940551717,0.31360714299227355,0.3046122316948581,0.5430712251103581,0.0179298809869728,0.2647413507715931
SNB_19,0.2692313507824277,0.05853825568716893,0.03907456489601764,0.3120702942894601,0.40969872531412893,0.5327188510417533,0.35350189165669704,0.34085264326608833,1.0,0.4431215946044315,0.6362950395018903,0.16809500295858093,0.20690877614819128,0.3597548882216022,0.11505192638603556,0.2789630068293343,0.2325387274599325,0.4028097096788515,0.09262442134444808,0.14957637267126558,0.2875542514951838,0.08552666322015783,0.19049095734066507,0.06536817745411647,0.27093216008647575,0.2649438213447554,0.3889019999725746,0.07649937108081888,0.15829567719167192,0.5667530210507746,0.2345002042425372,0.3000060567243206,0.2649418221420584,0.3367641120394956,0.4807990503015294,0.07442257584641906,0.4432795792211602,0.14392228721669342,0.5289233168880159,0.5041993545127639,0.2062593456175753,0.1258302236829502,0.34372268356033475,0.2556692100236227,0.16905051149903838,0.10399588208716172,0.16133996732374975,0.4257410222026825,0.31794191633740637,0.06361573590916086,0.30112298622391914,0.422103618128637,0.3226409047879112,0.34129665508822055,0.2850099326772909,0.18644023875670568,0.3125683726345837,0.5189895428690112,0.041214246789519716,0.28905324296935253
SNB_75,0.2361644681876103,0.09020630280402148,0.05565358685089252,0.41061468795034145,0.4580683264766337,0.5146630143950673,0.4265957004808595,0.4263417156389205,0.4431215946044315,1.0,0.505715744147845,0.18759449751528784,0.2266911202862521,0.306697028347625,0.11968400989541411,0.26148942620348736,0.23416164684477092,0.32811123432948247,0.0905495464706578,0.16566460008409045,0.28977882479687794,0.08090098834041477,0.24497434387767314,0.08475059109793266,0.3097515274243188,0.3014966493153255,0.4081145124469279,0.10710531014580334,0.14907111703164921,0.4979300302062208,0.24331356003012705,0.3673382088969795,0.27919206236182326,0.3419238819179204,0.3328794427057246,0.10105505545713303,0.4308409289419747,0.255708613617992,0.541227468028019,0.5102362249262519,0.1979689252267623,0.11736805424978286,0.42695856041698294,0.2465326079414539,0.24104016975331513,0.15610434307151014,0.21502990255558618,0.34463491575029503,0.4345014074248872,0.06485055854964411,0.2971542040801371,0.4076789592649018,0.3431112376041811,0.4287625695157104,0.26825051611284356,0.22797726445261637,0.5113258632704079,0.4661116363004099,0.055778616107128,0.3029243542549964
U251,0.4260879083658739,0.0429949941637564,0.025454675847849096,0.2638896819460065,0.42523487467919174,0.7400463549526847,0.6530264484422694,0.5361213382230926,0.6362950395018903,0.505715744147845,1.0,0.14950601572499672,0.18350475691947077,0.47396044794990383,0.10790264255577975,0.2899208743644921,0.19972919930542204,0.4570315535874287,0.19278291530958605,0.2600280234999263,0.3599137605596262,0.19320159386907132,0.2736158551880746,0.18699501008425592,0.5181073032289787,0.23679198992595932,0.4536928393612739,0.05053444430132765,0.09249332877835778,0.638064824628234,0.16684827766144913,0.5578023568728503,0.2498022451786451,0.33989650606282995,0.5418628964652747,0.0483647436841788,0.5891588411132579,0.18610195023488801,0.45213711856376654,0.6184433317549783,0.132267014424595,0.30536107149613506,0.4633604930317515,0.2298614590914848,0.14887217516569048,0.07774425196068742,0.12300704207243097,0.4639976347415003,0.27145299818141017,0.05600986908033591,0.2843111654371732,0.524747117374735,0.5184251816217283,0.3297102025525389,0.4774148857096764,0.28334446629236837,0.3482605775616576,0.6620255299459161,0.025397590421099823,0.2936372980006832
COLO205,0.09394205182572596,0.3507703568409329,0.20283348460749276,0.3533037194773371,0.21083647544907252,0.14319015701023852,0.12429701070235226,0.10465613870937865,0.16809500295858096,0.18759449751528784,0.1495060157249967,1.0,0.5357804429039926,0.2669524887587243,0.4212070678202178,0.584280621551587,0.6031538651699029,0.36648040658633607,0.02019229181772329,0.05103970805998564,0.3146067756722101,0.017997883210296838,0.27517984321973693,0.010382224061657536,0.10940069765498363,0.5032712701217948,0.21534124706930868,0.39957875136368515,0.4986009261258405,0.33194974758492374,0.495352200502807,0.08345498520927343,0.46606661760623924,0.5737410622662696,0.25837130869642155,0.4014916560014639,0.12110771565725227,0.20683806556682538,0.26468542024732156,0.20651187276261987,0.49281291429819596,0.02872542279044965,0.27017975960676044,0.53441431052349,0.574631644287108,0.5105933346831978,0.44037775390406525,0.3127775447473687,0.3340179712999003,0.07641196655890317,0.4877271952196947,0.17749559943969487,0.11667169938566573,0.3515101380860351,0.08314868927438991,0.09215776603696395,0.3745408542695136,0.15142612875298037,0.38989308229897546,0.2284186133049568
HCC_2998,0.15218876848223628,0.26986317570164986,0.1382674544999807,0.4109849580892565,0.2513579904296824,0.20425847063353864,0.15869669069245249,0.15966813790620468,0.20690877614819128,0.2266911202862521,0.18350475691947074,0.5357804429039926,1.0,0.3471346206524079,0.3839688326683395,0.55757955768189,0.5480993072736079,0.37988224808764925,0.03213496769214219,0.0781798383518204,0.4400901831237272,0.02507114493879679,0.293162090573887,0.01644582838372608,0.16722524152751334,0.4250689963441071,0.34038513194356734,0.29739732243948025,0.41994920365097227,0.40002132156664494,0.4652872551249758,0.14153012239619595,0.5625785465867452,0.5977376499797094,0.28616827725444854,0.2787557942761952,0.18576344751515203,0.18055531666886984,0.26752423288080285,0.2958417715908325,0.4506725444199345,0.039136156883631874,0.30113383193617305,0.43063320829846574,0.5774537897795928,0.3890864392064091,0.4250148493571418,0.40154794945322336,0.41931365279458854,0.12137718607610917,0.4988514799097056,0.275639010552321,0.16014142621679453,0.40666448391472254,0.11905578322105673,0.12162374335119448,0.33180214535077984,0.20798659405638573,0.27449013823868346,0.3089901256247194
HCT_116,0.4776898426433448,0.06949994686756776,0.03250249496833059,0.26725774888359777,0.364629211630794,0.4620298628991484,0.4119093051261406,0.37185751826545493,0.3597548882216022,0.306697028347625,0.47396044794990383,0.2669524887587243,0.3471346206524079,1.0,0.22818810830221367,0.511942612264192,0.289036450139256,0.5854745877181514,0.14846493393276022,0.21373548845154142,0.5934822698662737,0.14468509939524282,0.3576069297645258,0.10052661028043275,0.5648746198241037,0.32433271592650753,0.5720071753494027,0.0863153346693703,0.13144683467694,0.6292403783483668,0.22409340848301262,0.41186306968158515,0.42570267455825866,0.519158365958774,0.5345413054953649,0.07362263410128622,0.47830042342251916,0.18058665663795173,0.36251066542607324,0.5397533194921181,0.20100875757568,0.2150915953908931,0.4545635865551598,0.3451151569649145,0.2366154000482412,0.12357064600200049,0.18846478340151068,0.6622819202040844,0.29366654329689473,0.0990010074352922,0.3792534261054514,0.5038933174034574,0.49734541290975487,0.33526349601548583,0.4298316758919923,0.3030832093216919,0.36360364500965575,0.4834382855769295,0.05749397818185433,0.4015590734954544
HCT_15,0.07410893986294502,0.3069904746920332,0.12413230087655579,0.261683722470255,0.15932465547912208,0.11714611321991233,0.09873089009648559,0.08421570282670632,0.11505192638603556,0.11968400989541411,0.10790264255577975,0.4212070678202178,0.3839688326683395,0.22818810830221367,1.0,0.4899593146639539,0.4603315594726543,0.27790280052196253,0.018727887359794734,0.05591691761456945,0.32314742440327915,0.012938512686254096,0.254937733507072,0.00981067994837213,0.10833323574885086,0.27830083907305286,0.21306431648488455,0.2612950168345856,0.3236353113186916,0.24739178323482605,0.38528433070945234,0.09037208009153379,0.5030318633093701,0.4894155034112873,0.17704390223264072,0.2950138108865131,0.09380109015941344,0.1254502682326818,0.14833120144998557,0.15505483505111067,0.3945244936314567,0.02119756753544213,0.18992531194874793,0.4485288469696538,0.4510620549918685,0.3807683133634777,0.439826437554928,0.2635646388416223,0.2691050547093676,0.22109256070614655,0.4841994251705225,0.16786882329682445,0.0978595362199198,0.265022146869206,0.09093982405939219,0.1054427678155561,0.29068555346281966,0.1121668130623319,0.2941404913840114,0.3178132258864024
HT29,0.20966630909477646,0.21647576871965374,0.10578887534755901,0.37242109436333526,0.34184260249712994,0.27690016054406685,0.25981367440311137,0.21523226347836807,0.2789630068293343,0.26148942620348736,0.2899208743644921,0.584280621551587,0.55757955768189,0.511942612264192,0.4899593146639539,1.0,0.6397240917286642,0.5911177309169581,0.04774253828704952,0.10334240642346108,0.555109061010085,0.038466635605555806,0.45016836975661606,0.02766993184512501,0.24907494850250525,0.4566562064108114,0.38976025195836156,0.2395808353604099,0.3709640066036823,0.5605048426407213,0.4904698793344095,0.20317639813750388,0.6254687235253841,0.7073610831589651,0.41837217489016876,0.2634489735495354,0.23072629323981295,0.19081033881036732,0.34576625364756275,0.36114334245145757,0.46801550451880997,0.06839559524979481,0.3922605722350735,0.591252179273608,0.5362983403577963,0.38084614469356826,0.45670310381525153,0.4908072422463905,0.39741559319534603,0.12991269818264642,0.625112107618645,0.357443456269594,0.24861793746335886,0.4175042037837164,0.19393477101088494,0.18028901935819847,0.4558679007946002,0.2708707862357618,0.22254552073012343,0.37571357827073343
KM12,0.09718355208528794,0.3791455992997147,0.23593066917504357,0.42233364937715084,0.24954940033929854,0.1939179382876679,0.1495532537174433,0.13042559836308626,0.2325387274599325,0.23416164684477092,0.19972919930542204,0.6031538651699029,0.5480993072736079,0.289036450139256,0.4603315594726543,0.6397240917286642,1.0,0.3940109208912624,0.01878146115661248,0.05308011923013806,0.41829420278000035,0.015660107009151884,0.3184458882951004,0.011101443762419389,0.12293161999379805,0.45678216188504306,0.24077839880046115,0.40445465251420337,0.5492600536301393,0.3785475481369247,0.5412818362099681,0.10497273583399462,0.5822935897570802,0.6253675824979865,0.2683037787272713,0.42000460220728436,0.13812933976452685,0.1819828670134757,0.290262305432635,0.22323251864563626,0.5720308774958759,0.025600696006758062,0.28466251673648607,0.6358467505541918,0.6590144973020416,0.5452790736487267,0.5493783192034885,0.3400743094686362,0.35849778745326794,0.10000946766200017,0.6396923428600412,0.19967734024203104,0.13523133198701853,0.39700067199375516,0.08352653569974329,0.09114444753103265,0.4059461772894519,0.1692484144376935,0.35452318012567396,0.2646574788336085
SW_620,0.32257986393038907,0.11098601863265364,0.053827535762371606,0.31974991544275183,0.4134436977782412,0.4289314988261818,0.35891540405327643,0.30204252524050323,0.4028097096788515,0.32811123432948247,0.4570315535874287,0.36648040658633607,0.37988224808764925,0.5854745877181514,0.2779028005219626,0.5911177309169581,0.3940109208912624,1.0,0.11784856065882884,0.17791314659482527,0.5829781116356707,0.10687858198132753,0.4049004921355754,0.07741836836970674,0.37874979037308226,0.4069551752155851,0.42391396700554185,0.13894960289338149,0.20856616212981455,0.601406334178367,0.3298002666439086,0.3065657819450349,0.4656023644343189,0.5791272431343659,0.5056029847811189,0.11962573988160338,0.34081177604628776,0.19919840634450126,0.4295451474082649,0.4611010402832734,0.2725974841492568,0.15082527090217604,0.46765302421374944,0.38618453557657445,0.323210676982166,0.20187742072688236,0.2718650537641798,0.5575361083770398,0.3478082800473787,0.09019023977880107,0.4649034395143248,0.45670928404635314,0.3462002795066539,0.32574720732319556,0.2885946852477111,0.2354985897992596,0.39368007934393734,0.42283678197702246,0.09054781114783635,0.31644482836461646
CCRF_CEM,0.2568628106881674,0.0037533385399589345,0.0013240746587799596,0.040756882659313085,0.11323998026974805,0.21432626252893747,0.18855286280515912,0.19748425519724014,0.09262442134444812,0.09054954647065783,0.19278291530958605,0.020192291817723272,0.032134967692142205,0.14846493393276022,0.018727887359794734,0.04774253828704952,0.01878146115661248,0.11784856065882884,1.0,0.34012875103814944,0.10072767579750339,0.49706910022646916,0.07413729161122197,0.2607834963725396,0.27042090992206436,0.037649483180254295,0.17336408067079168,0.004011218637033622,0.006910984467007403,0.1388110177816153,0.01910444284845731,0.29339770809404636,0.04789494642841061,0.06622264155200752,0.1371517557755471,0.003313133535528583,0.20969085413490893,0.0322029091594063,0.06801884322910466,0.21074756948990483,0.010624669627271698,0.2780132098246687,0.16556747615620476,0.028716933598516143,0.018181389506116568,0.00664769331754274,0.012924980660975336,0.13503179388751216,0.05183395743490281,0.0173574892215565,0.03991791516608664,0.22247963024313008,0.21853816140511434,0.038669572206807265,0.28165968012074644,0.16224526140705978,0.059622467865297776,0.27117874370684175,0.0019054058002078008,0.0801939839839428
HL_60,0.30339255358618067,0.015414207221468305,0.005702090169324031,0.10634578383734532,0.19428993783610016,0.2905481721802684,0.26313745561834584,0.27074023924523616,0.14957637267126558,0.16566460008409045,0.2600280234999263,0.05103970805998564,0.0781798383518204,0.21373548845154136,0.05591691761456945,0.10334240642346108,0.053080119230138084,0.17791314659482527,0.34012875103814944,1.0,0.21096324925610394,0.2392816475839163,0.1686684793579748,0.20927903322803582,0.3612442551381116,0.09386841161771739,0.2604648971257516,0.017160334797786638,0.025265526752235336,0.23339164719958724,0.057961570892305685,0.4242430224019541,0.11239057328477757,0.14993503471488925,0.21500318349879477,0.014055300877160677,0.24945354690818272,0.07711644910901633,0.12276475452729954,0.3133039361855232,0.03175022952287368,0.22721645239583838,0.2832633619629993,0.07801110498505563,0.058262613238303715,0.022890984806762656,0.043715787188659004,0.1855259048983708,0.10990643779916455,0.03402406948190338,0.09485935356217197,0.2845251750774513,0.3031881414684655,0.0975480087684241,0.35266990289434524,0.23300141170507732,0.14136087249120552,0.32839610095065724,0.008622870672438318,0.1427272630184988
K_562,0.29198563234930125,0.13764156676958209,0.06001214196042913,0.32830594635334254,0.37548086857030877,0.3926509559360912,0.313803646858869,0.2856609688253461,0.2875542514951838,0.28977882479687794,0.3599137605596262,0.3146067756722101,0.4400901831237272,0.5934822698662737,0.32314742440327915,0.555109061010085,0.41829420278000035,0.5829781116356707,0.10072767579750339,0.21096324925610394,1.0,0.08206777714076538,0.4948799249933748,0.06333905424617572,0.4138037668081308,0.364608066043141,0.43680190341558456,0.15990064067501733,0.20884197626701512,0.5169275115423263,0.32258969061229303,0.33665391359733826,0.5405766929598896,0.5876034091740545,0.35916937481091127,0.12011688194881338,0.2796528235396,0.19135619173583973,0.30300244739894494,0.38347859007256613,0.2724002003159597,0.09788298705845898,0.4484073450507531,0.39691203926569674,0.38127301486756,0.20941475619893604,0.26302136234442924,0.5687532166952615,0.33890387396063754,0.11734779598974364,0.493661402766398,0.3936681938574387,0.35823841077033414,0.33270413498060114,0.24989433561772717,0.21983809144180613,0.39048527455277854,0.34486475713852205,0.09773309311893752,0.3485940161160074
MOLT_4,0.2214232633432608,0.0025803505149668126,0.0012171854720787222,0.029221655840600602,0.09462849344720584,0.19097685039840814,0.18604391797748848,0.17925933465882016,0.08552666322015783,0.08090098834041477,0.19320159386907132,0.017997883210296838,0.02507114493879679,0.14468509939524282,0.012938512686254096,0.038466635605555806,0.015660107009151884,0.10687858198132758,0.49706910022646916,0.2392816475839163,0.08206777714076538,1.0,0.056561570886089436,0.26902730152135435,0.23169595882404684,0.03834425027409401,0.11438841581639189,0.0031465485353245077,0.005285168770942236,0.12300184622024304,0.013769008178604998,0.23224062821949584,0.03038140556420573,0.049087655736685096,0.14295639322188267,0.0023036969787454875,0.1862617273446887,0.02562140618128861,0.07017630687397855,0.1741420464438774,0.008300387313084667,0.3694308061952218,0.12798601231032805,0.02457330744014926,0.013746726384386053,0.005006523611576181,0.008933432947116422,0.10453281923180335,0.03453261500582186,0.008183348328704954,0.028550669692787346,0.1699829674344974,0.19940094313482432,0.036873204641632136,0.2492207575245184,0.12891236071113685,0.04577061504921892,0.23768901368390596,0.0014081560926543148,0.0523408538478992
RPMI_8226,0.237401579779221,0.13381258832804926,0.06349203699749564,0.2840833878348184,0.36819692448957403,0.24664797860956478,0.24313201507091117,0.23046686355813206,0.19049095734066504,0.24497434387767314,0.2736158551880746,0.27517984321973693,0.293162090573887,0.3576069297645258,0.254937733507072,0.45016836975661606,0.3184458882951004,0.4049004921355754,0.07413729161122197,0.1686684793579748,0.4948799249933748,0.056561570886089436,1.0,0.05058027029475481,0.29253342425549717,0.3085317617077682,0.28781566481642407,0.13873263618124432,0.17293441988303385,0.4629874155126733,0.25931532442564936,0.24995769089395228,0.3678931128040809,0.4703672453926294,0.2792706550711199,0.12644402691451287,0.20278013146403498,0.1964571823029454,0.2670629696722194,0.31348329898409766,0.19988313849034367,0.08004114938418812,0.37029844684165153,0.34210787035921275,0.3121382999162467,0.1863267708424336,0.22616423097219132,0.32506498791643074,0.2874468038385193,0.07373218340123898,0.42294661330510785,0.3056937668672259,0.23868981731816283,0.3004693435230599,0.19408497085210885,0.17798023991057105,0.38967365390651476,0.2543325906399694,0.09188840094741853,0.26785919032338634
SR,0.20927042403026638,0.0018268858306829845,0.0007897344890312994,0.021369519226295687,0.0817108862091864,0.17701978602195695,0.231228756782718,0.18029930949336093,0.06536817745411647,0.08475059109793266,0.18699501008425592,0.010382224061657536,0.016445828383726095,0.10052661028043275,0.00981067994837213,0.02766993184512501,0.011101443762419378,0.07741836836970674,0.2607834963725396,0.20927903322803582,0.06333905424617572,0.26902730152135435,0.05058027029475478,1.0,0.2524388285217424,0.02849361776072684,0.09750379112554174,0.0021740148227630354,0.0037579088128892736,0.09787945467503793,0.010681237959049223,0.25483682095190435,0.026853451918054612,0.041893380603643095,0.10622681766965132,0.0017237628542750097,0.16722363184077513,0.024837557919183205,0.0527162588216678,0.14423211537035202,0.005644663971403752,0.38619192000666586,0.11744333872638901,0.020596989539626513,0.010875124405440332,0.003762265276734522,0.006480703882966735,0.06370119856210407,0.02753242961335381,0.0059560457328503265,0.021735230069854214,0.1436891747918317,0.14241133555742563,0.032814776227856945,0.19997752229329563,0.11078664835452275,0.04458361452477043,0.1845994886583981,0.000984695427095665,0.045359068279705296
LOXIMVI,0.4998322006805715,0.027744907187919235,0.011157065867154923,0.16366725959017825,0.3190330104156432,0.5314341733890066,0.5600112758119467,0.49263497979776477,0.27093216008647575,0.3097515274243188,0.5181073032289787,0.10940069765498363,0.16722524152751334,0.5648746198241037,0.10833323574885086,0.24907494850250525,0.12293161999379805,0.3787497903730822,0.27042090992206436,0.3612442551381116,0.4138037668081308,0.23169595882404684,0.29253342425549717,0.2524388285217424,1.0,0.16956622605018457,0.4756889472131658,0.03350275123354777,0.04757045584216344,0.4709553111501859,0.10835557939309491,0.6388743620975061,0.22819858512889715,0.30785984182367904,0.3856425645801765,0.025989960207228584,0.5037125763100158,0.14974468552821096,0.24958878921336278,0.5119797559929795,0.07389542450898637,0.3509708611477732,0.43873649321208913,0.17687632707528478,0.11565487150553166,0.0524818424407789,0.08349617848580433,0.411489472215621,0.20816545536116074,0.05847366235168297,0.20614451506138592,0.5024771178493324,0.5482998666113575,0.2116200411775995,0.5415849488402418,0.36756551615909644,0.2675734059135362,0.4863675916802749,0.01904728082739613,0.2924847218655613
MALME_3M,0.15127168547787298,0.23971340973494668,0.1702962396005761,0.4313000334907533,0.3379938726080312,0.23223026099770538,0.20086478774366628,0.17086975973534788,0.2649438213447554,0.3014966493153255,0.23679198992595932,0.5032712701217948,0.4250689963441071,0.3243327159265075,0.27830083907305286,0.4566562064108114,0.45678216188504306,0.4069551752155851,0.037649483180254295,0.09386841161771735,0.364608066043141,0.03834425027409401,0.3085317617077682,0.02849361776072684,0.1695662260501846,1.0,0.30751818655306296,0.36053678104303977,0.430474100519058,0.4256309378015428,0.4821206382262012,0.15322960855454962,0.4497513504332071,0.5440721689236147,0.31009200601362735,0.27175362430699945,0.20125433994648578,0.23853598885907334,0.4059635732560823,0.3031607653701624,0.4359038657952295,0.05132356967339518,0.3622521397161291,0.4844600993806661,0.520796677721421,0.39374274329874137,0.3992647182764184,0.3539233986130001,0.3960171440411193,0.07213521179234791,0.4484588729203375,0.24860377237616368,0.18137881078120255,0.41078769086067046,0.14135747306058674,0.13759070729891545,0.43973161314179826,0.2368687967644118,0.23336231129006046,0.26498811089859864
M14,0.3948646122161308,0.07725513482144107,0.028877935897598697,0.3387973256505884,0.42617774351204674,0.5158438817476522,0.44212027071511406,0.38299224205533555,0.3889019999725746,0.4081145124469279,0.4536928393612739,0.21534124706930868,0.34038513194356734,0.5720071753494027,0.2130643164848845,0.3897602519583616,0.24077839880046115,0.42391396700554185,0.17336408067079162,0.26046489712575155,0.43680190341558456,0.11438841581639185,0.28781566481642407,0.0975037911255417,0.4756889472131658,0.30751818655306296,1.0,0.08607015536109855,0.14154414861862255,0.5993181550723508,0.2764580877001228,0.47136122127372126,0.43663448555155887,0.5020671615178177,0.4353416210715765,0.0924281694277759,0.6193617616845872,0.21308671522000813,0.3618112615095794,0.6576462476811648,0.20455760807288775,0.15476165626826008,0.44898762706904066,0.2633314319712673,0.26425967543657,0.13174570856717702,0.24089140329086745,0.5870881563234323,0.4660701382774779,0.17569294814731243,0.36398183887820745,0.6800829635226504,0.4706469784152874,0.37224719746216917,0.44299718706458563,0.38868616044409876,0.42022078967515925,0.5452366152668371,0.06515058705806082,0.5375131724676959
SK_MEL_2,0.022354941282843672,0.47158163562804717,0.34691446946483506,0.305220187648758,0.10437614262790754,0.05315786287302305,0.038443863372846165,0.03211191880733595,0.07649937108081888,0.10710531014580334,0.05053444430132765,0.39957875136368515,0.29739732243948025,0.0863153346693703,0.2612950168345856,0.2395808353604099,0.40445465251420337,0.13894960289338154,0.004011218637033622,0.017160334797786638,0.15990064067501733,0.0031465485353245077,0.13873263618124432,0.0021740148227630354,0.03350275123354777,0.36053678104303977,0.08607015536109858,1.0,0.48645532459011454,0.12463860970356694,0.4479866350102537,0.030100450818826827,0.26619815670774205,0.29613897475486406,0.06938880784926726,0.4500828886813928,0.040356596919879986,0.14220756673323237,0.1447055288040642,0.07374047941293072,0.44001207574470974,0.004652049324113489,0.11537134350022693,0.30117822670393973,0.46596866571108153,0.5918060350632199,0.44321972032496004,0.11903462936346672,0.224689143623748,0.0518626015653692,0.33864613954171635,0.058737201898044884,0.035412884769686376,0.19602538532843727,0.022352229418025473,0.029951391435369477,0.2480196401299334,0.04811522151037933,0.4381956317827933,0.0958042023654288
SK_MEL_28,0.04152666742818564,0.4186234051799994,0.29815945169790503,0.3697534549038781,0.15571096100004989,0.09438808568742253,0.06082283408809007,0.061093304990629115,0.15829567719167192,0.14907111703164921,0.09249332877835778,0.4986009261258405,0.41994920365097227,0.13144683467694,0.3236353113186916,0.3709640066036823,0.5492600536301393,0.2085661621298145,0.006910984467007403,0.025265526752235336,0.20884197626701506,0.005285168770942236,0.17293441988303382,0.0037579088128892736,0.04757045584216344,0.430474100519058,0.14154414861862255,0.48645532459011454,1.0,0.21991292305573615,0.6038340207206666,0.04671482851431319,0.38989156913922624,0.4160635953865938,0.13417713926873126,0.496500189771763,0.06394471007599013,0.13983562597322405,0.19473411618614792,0.12174418904788224,0.5163138520438604,0.008366607500507271,0.17207957024206086,0.43601504527396623,0.5801581936217769,0.5965579922737763,0.5087446812460403,0.17941547629250706,0.2603217948102628,0.07222579700415924,0.44922450200441283,0.09294339741561791,0.058688532790947885,0.2968759033507541,0.03593675809283522,0.041112017488091394,0.2885196115197559,0.08134257697415222,0.40567869946395446,0.16017628223763164
SK_MEL_5,0.405609193217208,0.10082980863981886,0.05600266656986499,0.4177445375532015,0.5325381209601696,0.5861522809731968,0.5009780616964778,0.49643498728102914,0.5667530210507746,0.4979300302062208,0.638064824628234,0.33194974758492374,0.40002132156664494,0.6292403783483668,0.24739178323482605,0.5605048426407213,0.3785475481369247,0.601406334178367,0.1388110177816153,0.23339164719958724,0.5169275115423263,0.12300184622024304,0.4629874155126733,0.09787945467503793,0.4709553111501859,0.4256309378015428,0.5993181550723508,0.12463860970356694,0.21991292305573612,1.0,0.3562179371210823,0.475172233733142,0.47438628077133,0.6151381332593402,0.6398409015129045,0.12414196744069254,0.5175876369836594,0.2623989170070029,0.5544297014044475,0.6864291198677497,0.26798403263333975,0.19739370253191937,0.5534834888716836,0.4207027260940728,0.3254052457536361,0.1783449966002015,0.27112632892000305,0.6095076614101226,0.4242356532987452,0.10790226082180301,0.4830543401187867,0.608097053614827,0.4836768325478838,0.491557206178025,0.4367520547302273,0.3359764933825138,0.5141908672253582,0.5745539925071145,0.0825127683077998,0.45480973462856417
UACC_257,0.08457703911801207,0.3347594971035588,0.17248288251767205,0.47054375596901526,0.2529680949781357,0.18674918810736937,0.12514708453229234,0.11640927234777039,0.2345002042425372,0.24331356003012705,0.16684827766144913,0.495352200502807,0.4652872551249758,0.22409340848301262,0.38528433070945234,0.4904698793344095,0.5412818362099681,0.3298002666439086,0.019104442848457293,0.057961570892305685,0.32258969061229303,0.013769008178604998,0.25931532442564936,0.010681237959049223,0.10835557939309491,0.4821206382262012,0.2764580877001228,0.4479866350102537,0.6038340207206666,0.3562179371210823,1.0,0.11015284936825653,0.511135956839933,0.543537006663669,0.22147100555980653,0.42168410710459253,0.1341879935187436,0.19038053255215462,0.30730950091994796,0.2388167574026827,0.5285125763601571,0.021856523366180342,0.2449832611229593,0.42060594671047236,0.6081382736651502,0.5408764774877604,0.6189038660125363,0.3121282333265812,0.40557247055563356,0.13471576971449242,0.5315147768748086,0.20225115824852147,0.12165665953651288,0.39594003344851486,0.08938233217950788,0.08992362159645247,0.436077196031499,0.1572080716636171,0.331728158707158,0.2803041297770052
UACC_62,0.4448172923605892,0.024309963249469338,0.009666813179234394,0.16817903530369918,0.3160722434364804,0.6156549416612523,0.555135880588267,0.5700731573200011,0.3000060567243206,0.3673382088969795,0.5578023568728503,0.08345498520927343,0.14153012239619595,0.4118630696815851,0.09037208009153379,0.20317639813750388,0.10497273583399462,0.3065657819450349,0.29339770809404636,0.4242430224019541,0.33665391359733826,0.23224062821949584,0.24995769089395228,0.25483682095190435,0.6388743620975061,0.15322960855454965,0.47136122127372126,0.030100450818826827,0.04671482851431321,0.475172233733142,0.11015284936825653,1.0,0.21133603350165717,0.2641386183872473,0.3490691302664899,0.02372532928593208,0.5096107304440962,0.12313124615735305,0.2558112761311764,0.5577138314010308,0.06877113135876826,0.3089129180855402,0.4305545646817122,0.1432007428574721,0.10433353486342736,0.042913166957511614,0.08206497816088405,0.3576610622746582,0.19884949661181633,0.061081854237571724,0.18268895157585913,0.5134441521831797,0.5480038127837066,0.20165535417855662,0.5937704406660658,0.34689060730651794,0.2635536076843316,0.5132230966377409,0.013832473914537955,0.25978208050524965
MDA_MB_435,0.16484418685542365,0.2877292938404602,0.11677873297649279,0.43834527022458586,0.3015239295916743,0.2754389600894244,0.2041436014754247,0.1922480092675873,0.2649418221420584,0.27919206236182326,0.2498022451786451,0.46606661760623924,0.5625785465867452,0.42570267455825866,0.5030318633093701,0.6254687235253841,0.5822935897570802,0.4656023644343189,0.04789494642841061,0.11239057328477757,0.5405766929598896,0.03038140556420573,0.3678931128040809,0.026853451918054612,0.22819858512889715,0.4497513504332071,0.43663448555155887,0.26619815670774205,0.38989156913922624,0.47438628077133005,0.511135956839933,0.21133603350165717,1.0,0.7725256437306859,0.2914970258429219,0.264396789816593,0.21931679376913965,0.2087064299298869,0.29393380540362757,0.3525075603391791,0.48148166523488295,0.04183307473412241,0.3836867415227943,0.5136005146120405,0.5957868069871906,0.37941191542485225,0.4877508205408058,0.4948803648083262,0.43396700796843524,0.198379568459822,0.6371611444320204,0.31736935521876986,0.21086806367985936,0.4233123213878974,0.14839720857795377,0.16157824362077433,0.4617695799594334,0.25397582462118906,0.21473676563335392,0.403349876456031
MDA_N,0.2294847738916246,0.2930471078395103,0.13428086985109736,0.5024660365114699,0.39082139824135287,0.3519000845824206,0.2960104747892354,0.2604006149108281,0.3367641120394956,0.3419238819179204,0.33989650606283006,0.5737410622662696,0.5977376499797094,0.519158365958774,0.48941550341128737,0.7073610831589651,0.6253675824979865,0.5791272431343659,0.06622264155200748,0.14993503471488925,0.5876034091740545,0.049087655736685096,0.4703672453926294,0.041893380603643095,0.307859841823679,0.5440721689236147,0.5020671615178177,0.29613897475486406,0.4160635953865938,0.6151381332593402,0.543537006663669,0.2641386183872473,0.7725256437306859,1.0,0.4087181481645975,0.2922204312093301,0.289243286166133,0.2908766506410543,0.37254880297972354,0.443512215568638,0.4851584021072175,0.07134316785897875,0.46316081048903446,0.6227666675923111,0.6142998668509693,0.4021358210303365,0.4995993279134078,0.5371478895003791,0.5035707746782299,0.16187951100712566,0.6895997936249095,0.40455508592091777,0.28126881633414125,0.5010774844845477,0.2134712401527638,0.22096026715511669,0.5359261247027369,0.34138936124209807,0.23708206277097232,0.45879684018108047
A549,0.4323019469557875,0.05484826738000241,0.032213216021165954,0.23234068495877921,0.35690396129105956,0.46190467887356407,0.4569886030531134,0.39418204998269407,0.4807990503015294,0.3328794427057246,0.5418628964652747,0.25837130869642155,0.28616827725444854,0.5345413054953649,0.17704390223264072,0.41837217489016876,0.2683037787272713,0.5056029847811189,0.1371517557755471,0.21500318349879477,0.35916937481091127,0.14295639322188267,0.2792706550711199,0.10622681766965132,0.3856425645801765,0.31009200601362735,0.4353416210715765,0.06938880784926726,0.13417713926873126,0.6398409015129045,0.22147100555980653,0.3490691302664899,0.2914970258429219,0.4087181481645975,1.0,0.07574242213363946,0.49338545287116703,0.14659668164077003,0.4357531165149865,0.581641355626294,0.17479651403164262,0.3016554940141978,0.4168270582585271,0.28885874409970663,0.18730587108719204,0.10609228963264672,0.17537066409242488,0.5378555004240926,0.2832422410894787,0.0621796340091556,0.31284117126334854,0.5256757803415818,0.40121615102359337,0.3608065399778152,0.4361506814101528,0.31254196516835125,0.3156994696535593,0.5696267801740676,0.05071235572730707,0.3498599452369054
EKVX,0.021374100745076858,0.4853487000630663,0.277678132361428,0.2718899265075892,0.09888331193471425,0.047413840815972004,0.0410921604665629,0.029194242317487296,0.07442257584641906,0.10105505545713303,0.0483647436841788,0.4014916560014639,0.2787557942761952,0.07362263410128622,0.2950138108865131,0.26344897354953545,0.42000460220728436,0.11962573988160338,0.003313133535528583,0.014055300877160677,0.12011688194881338,0.0023036969787454875,0.12644402691451287,0.0017237628542750112,0.025989960207228584,0.27175362430699945,0.0924281694277759,0.4500828886813928,0.496500189771763,0.12414196744069254,0.42168410710459253,0.02372532928593209,0.264396789816593,0.2922204312093301,0.07574242213363946,1.0,0.041371391315237836,0.12786759098553394,0.12418943479187226,0.07479147996024856,0.4801816664234933,0.003872467133943441,0.09490381614790859,0.32719363884598246,0.4639090420130668,0.5983599160962898,0.5160745540133481,0.11390768906543365,0.23285192885474304,0.07344140268801191,0.32522489213672434,0.06326013528408055,0.03140698322586142,0.25166106217127904,0.021029596511553585,0.03169584822198346,0.23920903343862104,0.04682227966531092,0.5053025229790613,0.13397772173886877
HOP_62,0.4696202630020566,0.03341674101767906,0.017004558352570778,0.21262085356798502,0.39693666250969345,0.5850356385220662,0.5481997957535488,0.5072410405082431,0.4432795792211602,0.4308409289419747,0.5891588411132579,0.12110771565725227,0.18576344751515203,0.47830042342251916,0.09380109015941344,0.23072629323981295,0.13812933976452685,0.34081177604628776,0.20969085413490893,0.24945354690818272,0.2796528235396,0.1862617273446887,0.20278013146403498,0.16722363184077513,0.5037125763100158,0.20125433994648578,0.6193617616845872,0.040356596919879986,0.06394471007599016,0.5175876369836594,0.1341879935187436,0.5096107304440962,0.21931679376913965,0.28924328616613293,0.49338545287116703,0.041371391315237836,1.0,0.14744309493766158,0.36637151426073905,0.6918951195261552,0.11126323882102913,0.2884179836071132,0.38660132025173755,0.1594855301301767,0.13314573763431484,0.058212762490331034,0.12295710275118375,0.4577189858485704,0.32917744298161566,0.06981102464107576,0.21996725640070802,0.6602302373266459,0.5246258400006317,0.26364642986443576,0.5350600512097594,0.3864981596021593,0.2941366290706443,0.6603398013101659,0.022848357453103627,0.35104355796333064
HOP_92,0.10472529959973773,0.12643786471968704,0.06964083664371011,0.27059728817411927,0.2015697782648384,0.16053283368204005,0.15852408756432199,0.11724366398467087,0.14392228721669342,0.255708613617992,0.18610195023488801,0.20683806556682538,0.18055531666886987,0.18058665663795173,0.1254502682326818,0.19081033881036732,0.1819828670134757,0.19919840634450126,0.0322029091594063,0.07711644910901633,0.19135619173583973,0.02562140618128861,0.1964571823029454,0.024837557919183205,0.14974468552821096,0.23853598885907334,0.21308671522000816,0.14220756673323237,0.13983562597322405,0.2623989170070029,0.19038053255215462,0.12313124615735305,0.2087064299298869,0.2908766506410543,0.14659668164077003,0.12786759098553394,0.14744309493766158,1.0,0.21411865535095295,0.2197971905124899,0.14573942832504308,0.0385368723687461,0.236932960015646,0.20312915739136198,0.20666457325321247,0.15646864308785205,0.17630297483379873,0.22331987042006665,0.24601546145400788,0.045498576669099185,0.2609457587837084,0.1649173876210258,0.12432431032739577,0.2589682782194207,0.1078039067977934,0.1217495314422802,0.3079556898028002,0.16939172199917388,0.09463752337144021,0.1709225480327159
NCI_H226,0.23367007565076023,0.1108441499675222,0.07313313140916865,0.4049628752370149,0.4992216097405214,0.398663792825244,0.3161358935846129,0.3018721802721387,0.5289233168880159,0.541227468028019,0.45213711856376654,0.26468542024732156,0.26752423288080285,0.36251066542607324,0.14833120144998557,0.34576625364756275,0.290262305432635,0.4295451474082649,0.06801884322910466,0.12276475452729954,0.30300244739894494,0.07017630687397855,0.2670629696722194,0.05271625882166778,0.24958878921336278,0.4059635732560823,0.3618112615095794,0.1447055288040642,0.19473411618614792,0.5544297014044475,0.30730950091994796,0.2558112761311764,0.29393380540362757,0.3725488029797236,0.4357531165149865,0.12418943479187226,0.36637151426073905,0.21411865535095295,1.0,0.45185074788883417,0.2457375068140538,0.10323994598874059,0.40881890309830315,0.30176856259927365,0.26250698462036426,0.18504548694691375,0.2596904769122128,0.3921372059486837,0.44982231322516103,0.06488989534474315,0.3502580802709528,0.3789725932393987,0.28746634589837405,0.4896237094047796,0.2578922713010374,0.21695729345760909,0.5173446903133903,0.4351818556510324,0.08309034313259325,0.2984793214303602
NCI_H23,0.48016841794481907,0.05805110508144673,0.02690345101819064,0.32426399129970973,0.4827208712852463,0.6337541785923315,0.5391060883049721,0.4922662690849049,0.5041993545127639,0.5102362249262519,0.6184433317549783,0.20651187276261987,0.2958417715908326,0.5397533194921181,0.1550548350511107,0.36114334245145757,0.22323251864563626,0.4611010402832734,0.21074756948990483,0.3133039361855232,0.38347859007256613,0.1741420464438774,0.31348329898409766,0.14423211537035202,0.5119797559929795,0.3031607653701624,0.6576462476811648,0.07374047941293072,0.12174418904788224,0.6864291198677497,0.2388167574026827,0.5577138314010308,0.3525075603391791,0.443512215568638,0.581641355626294,0.07479147996024858,0.6918951195261552,0.21979719051248983,0.45185074788883417,1.0,0.17888374376835783,0.24607398391721563,0.5252468402011494,0.2629960544237065,0.22670091842406617,0.10889484271743138,0.20541735032782835,0.5663858605462723,0.38600618477093573,0.10135064458714126,0.32245122824278777,0.7104914284554122,0.5112678680998864,0.38106411697670356,0.5347156512604224,0.42364716315345635,0.4272142861970694,0.7327283498365091,0.04109548776828765,0.42828733358755533
NCI_H322M,0.06204537362278149,0.35744716096377405,0.2191312760125274,0.41767512782474725,0.21501062672508278,0.13356936018097537,0.10012650814066253,0.08070911024157892,0.2062593456175753,0.1979689252267623,0.132267014424595,0.49281291429819596,0.4506725444199345,0.20100875757568,0.3945244936314567,0.46801550451880997,0.5720308774958759,0.2725974841492568,0.010624669627271707,0.03175022952287368,0.2724002003159597,0.008300387313084667,0.19988313849034367,0.005644663971403752,0.07389542450898637,0.4359038657952295,0.20455760807288775,0.44001207574470974,0.5163138520438604,0.26798403263333975,0.5285125763601571,0.06877113135876826,0.48148166523488295,0.4851584021072175,0.17479651403164262,0.4801816664234933,0.11126323882102913,0.14573942832504308,0.2457375068140538,0.17888374376835783,1.0,0.013040101845170517,0.20214850530263426,0.5076191767306498,0.5746392586771322,0.5694126823269099,0.6049382171521749,0.27322788049056224,0.3479314479922708,0.12517269652802573,0.5178219622694467,0.16072361597277318,0.08846138953993611,0.38058957602537663,0.0639752871201749,0.07936274770001366,0.32107367970118483,0.1346294702486119,0.33326922397828285,0.26818235907212584
NCI_H460,0.3924074381087648,0.003187758569211425,0.001860837193602157,0.03738351339525427,0.11620636899550986,0.2503855031115863,0.34880744185682006,0.28018257676927455,0.1258302236829502,0.11736805424978286,0.30536107149613506,0.02872542279044965,0.039136156883631874,0.2150915953908931,0.02119756753544213,0.06839559524979481,0.025600696006758072,0.15082527090217604,0.2780132098246687,0.22721645239583838,0.09788298705845898,0.3694308061952218,0.08004114938418812,0.38619192000666586,0.3509708611477732,0.05132356967339518,0.15476165626826005,0.004652049324113489,0.008366607500507271,0.19739370253191937,0.021856523366180342,0.3089129180855402,0.04183307473412241,0.07134316785897875,0.3016554940141978,0.003872467133943441,0.2884179836071132,0.0385368723687461,0.10323994598874059,0.24607398391721558,0.013040101845170517,1.0,0.1597930144867671,0.04088359592041797,0.01917697407537706,0.00762898596299192,0.013377222537122077,0.13602193233630022,0.04634488345701427,0.00855636301876698,0.042946804134058936,0.25436263271944604,0.2492799563834716,0.06368179618521977,0.41766019773561175,0.19326902808414326,0.06685323700023331,0.29657365048048867,0.0023608319952920813,0.0763012574268799
NCI_H522,0.3637199977900141,0.09349749550049323,0.045401316895983736,0.3213427150137159,0.4921872237329468,0.4577616532316704,0.38967947599465147,0.4347911217790141,0.34372268356033475,0.42695856041698294,0.4633604930317515,0.27017975960676044,0.30113383193617305,0.4545635865551598,0.1899253119487479,0.39226057223507343,0.28466251673648607,0.46765302421374944,0.16556747615620473,0.2832633619629993,0.4484073450507531,0.12798601231032805,0.37029844684165153,0.11744333872638901,0.43873649321208913,0.3622521397161291,0.44898762706904066,0.11537134350022693,0.17207957024206086,0.5534834888716836,0.2449832611229593,0.4305545646817122,0.3836867415227943,0.46316081048903446,0.4168270582585271,0.09490381614790855,0.38660132025173755,0.23693296001564607,0.40881890309830315,0.5252468402011494,0.20214850530263426,0.1597930144867671,1.0,0.3821181754354742,0.29439317156796474,0.1626142772169758,0.2126219421200523,0.4472326659569233,0.3720693260632309,0.07784179434108819,0.39349792713804865,0.43284515211677144,0.374270161185577,0.35116803101547767,0.3479413588204557,0.28862695540782657,0.4862788185081015,0.48819223314826327,0.06508485338975142,0.3474915499875654
IGROV1,0.1269752967408488,0.27559821675322294,0.17251511141688536,0.3623323726412239,0.278259502045343,0.21291914452333477,0.1918004421902202,0.16225310699226592,0.2556692100236227,0.24653260794145385,0.2298614590914848,0.53441431052349,0.43063320829846574,0.3451151569649145,0.4485288469696538,0.591252179273608,0.6358467505541918,0.38618453557657445,0.028716933598516157,0.07801110498505567,0.39691203926569674,0.02457330744014926,0.34210787035921275,0.020596989539626513,0.17687632707528478,0.4844600993806661,0.2633314319712673,0.30117822670393973,0.43601504527396623,0.4207027260940728,0.42060594671047236,0.1432007428574722,0.5136005146120405,0.6227666675923111,0.28885874409970663,0.32719363884598246,0.15948553013017674,0.20312915739136198,0.30176856259927365,0.2629960544237065,0.5076191767306498,0.040883595920417994,0.3821181754354742,1.0,0.5411738193476053,0.44878242821460773,0.4426711507245862,0.3325556363783118,0.3536426634964279,0.09549969144396853,0.5816715877030886,0.22367872208875858,0.15831776034181969,0.44090506978972027,0.13927719793558163,0.1326169696470217,0.4408195269030506,0.20160315398497863,0.28651319942122155,0.353229704761493
OVCAR_3,0.08797559716467174,0.44655513436310307,0.23691858964565174,0.45800434339131535,0.2551441677214998,0.16901347803825711,0.13061593244459158,0.1200262185468042,0.16905051149903844,0.24104016975331513,0.14887217516569048,0.574631644287108,0.5774537897795928,0.2366154000482412,0.4510620549918685,0.5362983403577963,0.6590144973020416,0.32321067698216593,0.018181389506116568,0.058262613238303715,0.38127301486756,0.013746726384386053,0.3121382999162467,0.010875124405440332,0.11565487150553172,0.520796677721421,0.26425967543657,0.46596866571108153,0.5801581936217769,0.3254052457536361,0.6081382736651502,0.10433353486342736,0.5957868069871906,0.6142998668509693,0.18730587108719204,0.4639090420130668,0.1331457376343149,0.20666457325321247,0.26250698462036426,0.22670091842406617,0.5746392586771322,0.01917697407537706,0.29439317156796474,0.5411738193476053,1.0,0.6624600503377169,0.5953001825462104,0.28157930366479667,0.433099008476145,0.12463632664718839,0.6096188142299257,0.19676476059795595,0.11342917027053985,0.38395310444437336,0.07890635138174634,0.09620827974564704,0.44270648129318896,0.14364417392521536,0.3829081990889613,0.27723385989426375
OVCAR_4,0.035177914687541514,0.5202618744155288,0.30987582664822283,0.36028681925791506,0.14741154148233251,0.08162280564859573,0.06630230998554167,0.04949770726775625,0.10399588208716172,0.15610434307151014,0.07774425196068742,0.5105933346831978,0.3890864392064091,0.12357064600200049,0.3807683133634777,0.38084614469356826,0.5452790736487267,0.20187742072688236,0.006647693317542734,0.022890984806762656,0.20941475619893604,0.005006523611576181,0.1863267708424336,0.003762265276734522,0.0524818424407789,0.39374274329874137,0.13174570856717702,0.5918060350632199,0.5965579922737763,0.17834499660020148,0.5408764774877604,0.042913166957511656,0.37941191542485225,0.4021358210303365,0.10609228963264672,0.5983599160962898,0.058212762490331034,0.15646864308785205,0.18504548694691375,0.10889484271743138,0.5694126823269099,0.00762898596299192,0.1626142772169758,0.44878242821460773,0.6624600503377169,1.0,0.5954351449666713,0.16656451150576015,0.3212457873541636,0.09150924628111272,0.47603562102921565,0.09630995017205167,0.05213356135022252,0.28078731176263666,0.03616938015995233,0.046433589018638116,0.34403321982381463,0.07150218324285572,0.49163654239408255,0.17625165343555269
OVCAR_5,0.06048369378864871,0.4116401087977448,0.2077456540297305,0.4197564312882881,0.20935741277784667,0.13282959586599302,0.09876845311351878,0.08327375244735602,0.16133996732374975,0.21502990255558618,0.12300704207243097,0.44037775390406525,0.4250148493571418,0.18846478340151068,0.439826437554928,0.45670310381525153,0.5493783192034885,0.2718650537641798,0.012924980660975336,0.04371578718865902,0.26302136234442924,0.00893343294711643,0.22616423097219127,0.006480703882966741,0.0834961784858043,0.3992647182764184,0.24089140329086745,0.44321972032496004,0.5087446812460403,0.27112632892000305,0.6189038660125363,0.08206497816088405,0.4877508205408058,0.4995993279134078,0.17537066409242488,0.5160745540133481,0.12295710275118375,0.17630297483379873,0.2596904769122128,0.20541735032782835,0.6049382171521749,0.013377222537122077,0.2126219421200523,0.4426711507245862,0.5953001825462104,0.5954351449666713,1.0,0.24531950018441223,0.44065498511337287,0.15393762733188052,0.5320382990660664,0.16862186599248422,0.09647208158036656,0.35729754682546755,0.07592390706120272,0.09544838607372344,0.40268882270815026,0.12890049240777204,0.37605783470914117,0.29510621537750037
OVCAR_8,0.3455774527402036,0.10165007640150132,0.04451221944172344,0.33044436717346415,0.383162502674608,0.48902346653693424,0.37594975761895993,0.3288368878611273,0.4257410222026825,0.34463491575029503,0.4639976347415003,0.3127775447473687,0.40154794945322336,0.6622819202040844,0.2635646388416223,0.4908072422463905,0.3400743094686362,0.5575361083770398,0.1350317938875121,0.1855259048983708,0.5687532166952615,0.1045328192318033,0.32506498791643074,0.06370119856210407,0.411489472215621,0.3539233986130001,0.5870881563234323,0.11903462936346672,0.17941547629250706,0.6095076614101226,0.3121282333265812,0.3576610622746582,0.4948803648083262,0.537147889500379,0.5378555004240926,0.11390768906543365,0.4577189858485704,0.22331987042006662,0.3921372059486837,0.5663858605462723,0.27322788049056224,0.13602193233630022,0.4472326659569233,0.3325556363783118,0.2815793036647968,0.16656451150576015,0.2453195001844123,1.0,0.38016693006001256,0.1572506572473729,0.4605763570298944,0.5407453011592427,0.43703976001446476,0.37123560145850193,0.3586272408967314,0.27885221329443655,0.4032374151340655,0.5386196018931366,0.07736447540360916,0.4704138432808025
SK_OV_3,0.17472327468957907,0.20933641630921504,0.08399056628022412,0.4336684938175923,0.41796855266061844,0.2842175715207794,0.24367628595371488,0.20982876588277719,0.31794191633740637,0.4345014074248872,0.27145299818141017,0.3340179712999003,0.41931365279458854,0.29366654329689473,0.26910505470936763,0.39741559319534603,0.35849778745326794,0.34780828004737857,0.05183395743490281,0.1099064377991646,0.33890387396063754,0.03453261500582186,0.2874468038385193,0.02753242961335381,0.20816545536116074,0.3960171440411193,0.4660701382774779,0.224689143623748,0.2603217948102628,0.4242356532987452,0.40557247055563356,0.19884949661181633,0.43396700796843524,0.5035707746782299,0.28324224108947865,0.23285192885474304,0.32917744298161566,0.24601546145400788,0.44982231322516103,0.38600618477093573,0.3479314479922708,0.04634488345701427,0.3720693260632309,0.3536426634964279,0.433099008476145,0.3212457873541636,0.44065498511337287,0.38016693006001256,1.0,0.14397446142673348,0.4554026329603077,0.41077312227199547,0.2057747056006998,0.45026226605734615,0.19018937602278543,0.1948732953085898,0.5280381006031746,0.31507327029959387,0.17360080614768394,0.4412710553847386
NCI_ADR_RES,0.034012015002578604,0.059577061868979625,0.017912048737903738,0.11006975221069118,0.07883922811204416,0.08404481817136843,0.05561470379320988,0.05157949264620851,0.06361573590916089,0.06485055854964411,0.05600986908033591,0.07641196655890317,0.12137718607610917,0.0990010074352922,0.22109256070614655,0.12991269818264642,0.10000946766200017,0.09019023977880107,0.0173574892215565,0.03402406948190338,0.11734779598974364,0.008183348328704954,0.07373218340123898,0.0059560457328503265,0.05847366235168297,0.07213521179234791,0.17569294814731243,0.0518626015653692,0.07222579700415924,0.10790226082180306,0.13471576971449242,0.061081854237571724,0.198379568459822,0.16187951100712566,0.0621796340091556,0.07344140268801191,0.0698110246410758,0.045498576669099185,0.06488989534474315,0.10135064458714126,0.12517269652802573,0.00855636301876698,0.07784179434108819,0.09549969144396853,0.12463632664718839,0.09150924628111276,0.15393762733188057,0.1572506572473729,0.14397446142673348,1.0,0.17187816996966213,0.11813066843796839,0.06756359979157074,0.09445342281141468,0.06266410101514543,0.08747657073684459,0.12190744310150321,0.07608190125413085,0.04534871832099664,0.2976382695331248
PC_3,0.15252070887080804,0.3534638894987859,0.1709992080580107,0.45558713665044115,0.33999859003559546,0.2726424390775303,0.21571388684250759,0.18579557674075342,0.30112298622391914,0.2971542040801371,0.2843111654371733,0.4877271952196947,0.4988514799097056,0.3792534261054515,0.4841994251705225,0.625112107618645,0.6396923428600412,0.4649034395143248,0.03991791516608664,0.09485935356217197,0.493661402766398,0.028550669692787346,0.42294661330510785,0.021735230069854214,0.20614451506138592,0.4484588729203375,0.36398183887820745,0.33864613954171635,0.44922450200441283,0.4830543401187867,0.5315147768748086,0.18268895157585918,0.6371611444320204,0.6895997936249095,0.31284117126334854,0.32522489213672434,0.21996725640070802,0.2609457587837084,0.3502580802709528,0.32245122824278777,0.5178219622694467,0.042946804134058936,0.39349792713804865,0.5816715877030886,0.6096188142299257,0.47603562102921565,0.5320382990660664,0.4605763570298944,0.4554026329603077,0.17187816996966213,1.0,0.30597483674225257,0.21012325932209233,0.48052747801791224,0.16133205397289838,0.15980151937250897,0.5177660231548435,0.25933136541360885,0.24450148068049618,0.37364683743395916
DU_145,0.5393395835906014,0.04645607491086764,0.017181290984763644,0.24398538429608693,0.4871906036531162,0.5660857097169782,0.5176911317003104,0.4483407168570907,0.422103618128637,0.4076789592649018,0.524747117374735,0.17749559943969487,0.275639010552321,0.5038933174034574,0.16786882329682445,0.357443456269594,0.19967734024203104,0.45670928404635314,0.22247963024313008,0.2845251750774513,0.39366819385743873,0.1699829674344974,0.3056937668672258,0.1436891747918317,0.5024771178493324,0.24860377237616368,0.6800829635226504,0.058737201898044857,0.09294339741561787,0.608097053614827,0.20225115824852152,0.5134441521831797,0.31736935521876986,0.40455508592091777,0.5256757803415818,0.06326013528408052,0.6602302373266459,0.1649173876210258,0.3789725932393987,0.7104914284554122,0.1607236159727732,0.25436263271944604,0.43284515211677144,0.2236787220887586,0.196764760597956,0.09630995017205163,0.1686218659924842,0.5407453011592427,0.41077312227199547,0.11813066843796839,0.30597483674225257,1.0,0.4707441900100271,0.3083169825343942,0.5446852264052578,0.40827306744531594,0.35303200501389526,0.6497050557609637,0.0395510035574586,0.458196757727773
786_0,0.38798007361080494,0.03303474748704781,0.015786209022500265,0.20527958301516291,0.31965842946075607,0.5531493027483249,0.48472890569655114,0.5122932350368236,0.3226409047879112,0.3431112376041811,0.5184251816217283,0.11667169938566573,0.16014142621679453,0.49734541290975487,0.0978595362199198,0.24861793746335886,0.13523133198701853,0.34620027950665383,0.21853816140511434,0.3031881414684655,0.35823841077033414,0.19940094313482432,0.23868981731816283,0.14241133555742563,0.5482998666113575,0.1813788107812026,0.4706469784152874,0.035412884769686376,0.058688532790947885,0.48367683254788374,0.12165665953651288,0.5480038127837066,0.21086806367985936,0.28126881633414125,0.40121615102359337,0.03140698322586142,0.5246258400006317,0.12432431032739577,0.28746634589837405,0.5112678680998864,0.08846138953993611,0.2492799563834716,0.374270161185577,0.15831776034181969,0.1134291702705399,0.05213356135022252,0.09647208158036656,0.43703976001446476,0.2057747056006998,0.06756359979157074,0.21012325932209233,0.4707441900100271,1.0,0.21153892620918546,0.48612735584865324,0.34812859454968514,0.2739701903640159,0.5325352923933209,0.01984325199538503,0.2582951924729548
A498,0.18698539232078457,0.19611758502420712,0.11765961777513805,0.43643356894460394,0.359887282307516,0.28909830553474986,0.28024180293125156,0.24821001789824848,0.34129665508822055,0.4287625695157104,0.3297102025525389,0.3515101380860351,0.40666448391472254,0.33526349601548583,0.265022146869206,0.4175042037837164,0.39700067199375516,0.3257472073231955,0.038669572206807286,0.0975480087684241,0.33270413498060114,0.036873204641632136,0.3004693435230599,0.032814776227856945,0.21162004117759947,0.41078769086067046,0.37224719746216917,0.19602538532843727,0.2968759033507541,0.491557206178025,0.39594003344851486,0.20165535417855665,0.4233123213878974,0.5010774844845477,0.3608065399778152,0.25166106217127904,0.26364642986443576,0.2589682782194207,0.4896237094047796,0.38106411697670356,0.38058957602537663,0.06368179618521977,0.35116803101547767,0.44090506978972027,0.38395310444437336,0.28078731176263666,0.35729754682546755,0.37123560145850193,0.45026226605734615,0.09445342281141468,0.48052747801791224,0.3083169825343942,0.21153892620918546,1.0,0.1990868647293605,0.1984895304238487,0.5170341928355809,0.3146618148933596,0.17588061422624268,0.41998135876251436
ACHN,0.48684697901485374,0.018456810359572477,0.007654379404507879,0.12518001915524626,0.286677409221558,0.471249903830187,0.4943038971426101,0.48709590940551717,0.2850099326772909,0.26825051611284356,0.4774148857096764,0.08314868927438991,0.11905578322105673,0.4298316758919923,0.09093982405939219,0.19393477101088494,0.08352653569974329,0.2885946852477111,0.28165968012074644,0.35266990289434524,0.24989433561772717,0.2492207575245184,0.19408497085210882,0.19997752229329563,0.5415849488402418,0.14135747306058674,0.44299718706458563,0.022352229418025473,0.0359367580928352,0.4367520547302273,0.08938233217950788,0.5937704406660658,0.14839720857795377,0.21347124015276375,0.4361506814101528,0.021029596511553585,0.5350600512097594,0.1078039067977934,0.2578922713010374,0.5347156512604224,0.06397528712017493,0.41766019773561175,0.3479413588204557,0.13927719793558163,0.07890635138174634,0.03616938015995233,0.07592390706120272,0.3586272408967314,0.19018937602278543,0.06266410101514543,0.16133205397289838,0.5446852264052578,0.48612735584865324,0.1990868647293605,1.0,0.4594050795881112,0.24558108070134937,0.5554224814381887,0.013874797710886058,0.3257140197883918
CAKI_1,0.301696444464162,0.024355321454143476,0.009832932932684692,0.13963113080641912,0.2558546548573486,0.3140594497938693,0.34747354247707807,0.31360714299227355,0.18644023875670565,0.22797726445261637,0.28334446629236837,0.09215776603696395,0.12162374335119448,0.3030832093216919,0.1054427678155561,0.1802890193581985,0.09114444753103265,0.2354985897992596,0.16224526140705978,0.23300141170507732,0.21983809144180613,0.12891236071113685,0.17798023991057105,0.11078664835452275,0.36756551615909644,0.13759070729891545,0.38868616044409876,0.029951391435369477,0.041112017488091394,0.3359764933825137,0.08992362159645247,0.34689060730651794,0.16157824362077433,0.22096026715511663,0.31254196516835125,0.031695848221983444,0.3864981596021593,0.1217495314422802,0.21695729345760909,0.42364716315345635,0.07936274770001366,0.19326902808414326,0.28862695540782657,0.1326169696470217,0.09620827974564704,0.046433589018638095,0.09544838607372344,0.27885221329443655,0.1948732953085898,0.08747657073684459,0.159801519372509,0.40827306744531594,0.34812859454968514,0.1984895304238487,0.4594050795881112,1.0,0.2331293527992756,0.39841439479850754,0.019928482582595084,0.33319144715603854
RXF_393,0.19368503379281712,0.20864436100205117,0.10548176114458385,0.4953369448796599,0.47018599551874923,0.3581628339982132,0.30072290228629456,0.3046122316948581,0.3125683726345837,0.5113258632704079,0.3482605775616576,0.3745408542695136,0.33180214535077984,0.3636036450096557,0.29068555346281966,0.4558679007946002,0.4059461772894519,0.39368007934393734,0.059622467865297776,0.14136087249120552,0.39048527455277854,0.0457706150492189,0.38967365390651476,0.04458361452477043,0.2675734059135362,0.43973161314179826,0.42022078967515925,0.2480196401299334,0.2885196115197559,0.5141908672253582,0.436077196031499,0.2635536076843316,0.4617695799594334,0.5359261247027369,0.3156994696535593,0.2392090334386211,0.2941366290706443,0.3079556898028002,0.5173446903133903,0.42721428619706947,0.32107367970118483,0.06685323700023328,0.4862788185081015,0.4408195269030506,0.44270648129318896,0.34403321982381463,0.40268882270815026,0.4032374151340655,0.5280381006031746,0.12190744310150316,0.5177660231548435,0.3530320050138952,0.2739701903640159,0.5170341928355809,0.24558108070134937,0.2331293527992756,1.0,0.34207392204235104,0.15540154272387194,0.4296324053864485
SN12C,0.4731615919876157,0.04205600718015073,0.019614372123498248,0.26321427707584233,0.45419005813345875,0.656817470189184,0.5442904059958151,0.5430712251103581,0.5189895428690112,0.4661116363004099,0.6620255299459161,0.15142612875298037,0.20798659405638573,0.48343828557692947,0.1121668130623319,0.2708707862357618,0.1692484144376935,0.42283678197702246,0.27117874370684175,0.32839610095065724,0.34486475713852205,0.23768901368390596,0.2543325906399694,0.1845994886583981,0.4863675916802749,0.2368687967644118,0.5452366152668371,0.04811522151037933,0.08134257697415222,0.5745539925071145,0.1572080716636171,0.5132230966377409,0.25397582462118906,0.34138936124209807,0.5696267801740676,0.04682227966531092,0.6603398013101659,0.16939172199917388,0.4351818556510324,0.7327283498365091,0.1346294702486119,0.29657365048048867,0.48819223314826327,0.20160315398497858,0.14364417392521536,0.07150218324285572,0.12890049240777204,0.5386196018931366,0.31507327029959387,0.07608190125413085,0.25933136541360885,0.6497050557609637,0.5325352923933209,0.3146618148933596,0.5554224814381887,0.39841439479850754,0.34207392204235104,1.0,0.026716909478582667,0.36216258399923934
TK_10,0.01401090337417491,0.4508645399984503,0.29255504657894343,0.17857400653065397,0.059110841774114076,0.025587798822562173,0.023789317410255223,0.0179298809869728,0.041214246789519716,0.055778616107128,0.025397590421099823,0.38989308229897546,0.27449013823868346,0.05749397818185433,0.2941404913840114,0.22254552073012349,0.35452318012567396,0.09054781114783635,0.0019054058002078008,0.008622870672438325,0.09773309311893748,0.0014081560926543161,0.09188840094741853,0.000984695427095666,0.01904728082739613,0.23336231129006046,0.06515058705806082,0.4381956317827933,0.40567869946395446,0.0825127683077998,0.331728158707158,0.013832473914537943,0.21473676563335392,0.23708206277097235,0.05071235572730707,0.5053025229790613,0.022848357453103638,0.09463752337144021,0.08309034313259325,0.04109548776828765,0.33326922397828285,0.0023608319952920813,0.06508485338975142,0.28651319942122155,0.3829081990889613,0.49163654239408255,0.37605783470914117,0.07736447540360916,0.17360080614768394,0.04534871832099664,0.24450148068049618,0.039551003557458615,0.01984325199538503,0.1758806142262427,0.013874797710886058,0.019928482582595084,0.15540154272387197,0.026716909478582677,1.0,0.09188000188126232
UO_31,0.2337663701847273,0.09163922159359951,0.03366388120857381,0.27705296920375216,0.3597688072590846,0.3380442681911272,0.2870466367802106,0.2647413507715931,0.28905324296935253,0.3029243542549964,0.2936372980006832,0.2284186133049568,0.3089901256247194,0.40155907349545444,0.3178132258864024,0.37571357827073343,0.2646574788336085,0.31644482836461646,0.0801939839839428,0.1427272630184988,0.3485940161160074,0.05234085384789918,0.26785919032338634,0.045359068279705296,0.2924847218655613,0.26498811089859864,0.5375131724676959,0.0958042023654288,0.1601762822376316,0.45480973462856417,0.2803041297770052,0.25978208050524965,0.403349876456031,0.45879684018108047,0.3498599452369054,0.1339777217388687,0.35104355796333064,0.1709225480327159,0.2984793214303602,0.42828733358755533,0.26818235907212584,0.0763012574268799,0.3474915499875654,0.353229704761493,0.27723385989426375,0.17625165343555269,0.29510621537750037,0.4704138432808025,0.4412710553847386,0.2976382695331248,0.37364683743395916,0.458196757727773,0.2582951924729548,0.41998135876251436,0.3257140197883918,0.33319144715603854,0.4296324053864485,0.36216258399923934,0.09188000188126232,1.0
